,Parent_region,Region,SQL_unique_name,Time_to_75__percentage_daily_utility_in_weeks,Time_to_25__percentage_daily_utility_in_weeks,Avg_cost_per_week,January,February,March,April,May,June,July,August,September,October,November,December,Safety from crime,Nature_wildlife,Hiking,Beach,Water_sports,Entertainment,Winter_sports,Culture,Culinary_arts,Cities_architecture,Shopping
0,,World,,1,4,400,3,3,3,3,3,3,3,3,3,3,3,3,3,3,3,3,3,3,3,3,3,3,3
1,World,Europe,,1,4,400,3,3,3,3,3,3,3,3,3,3,3,3,3,3,3,3,3,3,3,3,3,3,3
2,World,North_America,,1,4,400,3,3,3,3,3,3,3,3,3,3,3,3,3,3,3,3,3,3,3,3,3,3,3
3,World,Middle_America_and_Caribbean,,1,4,400,3,3,3,3,3,3,3,3,3,3,3,3,3,3,3,3,3,3,3,3,3,3,3
4,World,South_America,,1,4,400,3,3,3,3,3,3,3,3,3,3,3,3,3,3,3,3,3,3,3,3,3,3,3
5,World,Africa,,1,4,400,3,3,3,3,3,3,3,3,3,3,3,3,3,3,3,3,3,3,3,3,3,3,3
6,World,Asia,,1,4,400,3,3,3,3,3,3,3,3,3,3,3,3,3,3,3,3,3,3,3,3,3,3,3
7,World,Oceania,,1,4,400,3,3,3,3,3,3,3,3,3,3,3,3,3,3,3,3,3,3,3,3,3,3,3
8,North_America,Canada,,1,8,725,3,3,3,3,3,3,3,3,3,3,3,3,4,3,3,3,3,3,3,3,3,3,3
9,Canada,Canada_North,CND_NO,1,4,725,1,1,1,1,3,4,5,5,4,3,1,1,4,3,3,1,1,1,3,1,1,1,1
10,Canada,British_Columbia,CND_BC,1,8,725,1,1,1,2,3,4,5,5,4,3,1,1,4,5,5,2,3,4,5,3,4,4,4
11,Canada,Prairies,CND_PR,1,8,725,1,1,1,2,3,4,5,5,4,3,1,1,4,5,5,2,2,1,5,2,2,2,2
12,Canada,Ontario,CND_ON,1,8,725,1,1,2,3,4,5,5,5,5,4,2,1,4,5,5,1,2,4,2,3,2,3,3
13,Canada,Quebec,CND_QU,1,8,725,1,1,2,3,4,5,5,5,5,4,2,1,4,4,4,1,2,4,4,4,2,4,4
14,Canada,Atlantic_Provinces,CND_AT,1,4,725,1,1,2,3,4,5,5,5,5,4,2,1,4,5,3,2,4,3,3,3,4,2,3
15,North_America,Greenland,GRL,1,4,975,1,1,2,3,4,5,5,5,5,4,2,1,5,4,4,1,3,1,3,2,1,1,1
16,North_America,USA,,1,12,600,3,3,3,3,3,3,3,3,3,3,3,3,4,3,3,3,3,3,3,3,3,3,3
17,USA,Alaska,USA_AL,1,12,975,1,1,1,1,3,4,5,5,4,3,1,1,4,5,4,1,2,2,3,2,3,1,1
18,USA,Pacific_Northwest,USA_PN,1,12,600,2,2,2,3,4,5,5,5,5,4,3,2,4,5,4,3,2,3,4,3,3,4,3
19,USA,California,USA_CA,1,12,600,3,3,4,5,5,4,4,4,5,5,4,3,3,4,4,5,4,5,2,4,3,5,5
20,USA,USA_Southwest,USA_SW,1,12,600,3,3,4,5,5,4,3,3,5,5,4,3,4,5,4,1,2,2,1,2,2,2,1
21,USA,Rocky_Mountains,USA_RM,1,12,600,2,2,2,3,4,5,5,5,5,4,3,2,4,4,5,1,1,2,5,2,2,2,1
22,USA,Great_Plains,USA_GP,1,12,600,1,2,2,3,4,5,4,4,5,4,2,1,4,3,1,1,1,1,1,2,2,1,1
23,USA,Texas,USA_TX,1,8,600,2,3,4,5,5,4,3,3,5,4,3,2,4,2,2,3,3,3,2,4,3,3,3
24,USA,Midwest,USA_MW,1,12,600,1,1,2,3,4,5,4,4,5,4,2,1,4,3,1,2,2,5,1,4,4,5,4
25,USA,USA_South,USA_SO,1,12,600,3,3,4,5,5,4,3,3,5,5,4,3,4,4,2,4,5,5,1,4,5,3,3
26,USA,Florida,USA_FL,1,8,600,5,5,5,4,3,2,1,1,2,3,5,5,4,4,2,5,5,5,1,4,4,4,3
27,USA,Mid-Atlantic,USA_MA,1,12,600,1,1,2,3,4,5,5,5,5,4,2,1,3,3,2,2,2,5,3,4,3,5,5
28,USA,New_England,USA_NE,1,12,600,1,1,2,3,4,5,5,5,5,5,2,1,4,4,4,2,3,3,3,4,4,4,2
29,USA,Hawaii,USA_HA,1,8,600,4,4,5,5,5,5,5,5,5,5,5,4,3,4,3,5,5,3,1,3,4,2,2
30,North_America,Mexico,,1,4,375,3,3,3,3,3,3,3,3,3,3,3,3,3,3,3,3,3,3,3,3,3,3,3
31,Mexico,Baja_California,MEX_BC,2,8,375,5,5,4,4,3,1,1,1,2,3,4,5,3,4,2,5,5,3,1,2,3,1,1
32,Mexico,Northern_Mexico,MEX_NO,1,2,375,5,5,4,4,3,1,1,1,2,3,4,5,3,3,3,1,1,1,1,2,2,1,1
33,Mexico,Bajio_and_Central_Mexico,MEX_BA,1,4,375,5,5,4,4,3,1,1,1,2,3,4,5,3,4,3,1,1,3,1,4,3,4,4
34,Mexico,Pacific_Coast,MEX_PC,1,4,375,5,5,5,4,4,2,1,1,1,3,4,5,3,3,2,3,3,2,1,3,3,2,2
35,Mexico,Yucatan,MEX_YU,1,4,415,5,5,5,4,4,2,1,1,1,3,4,5,3,3,2,4,4,2,1,5,4,3,2
36,Middle_America_and_Caribbean,Middle_America,,2,6,400,5,5,5,4,4,3,2,2,2,3,4,5,3,3,3,3,3,3,3,3,3,3,3
37,Middle_America,Guatemala_and_Belize,GTM,1,2,250,5,5,5,4,3,2,1,1,1,3,4,5,2,3,2,3,2,2,1,5,3,2,2
38,Middle_America,Honduras_and_El_Salvador,HND,1,2,250,5,5,5,4,3,2,1,1,1,3,4,5,2,3,3,4,4,2,1,4,3,2,2
39,Middle_America,Nicaragua,NIC,1,2,250,5,5,5,4,3,2,1,1,1,3,4,5,2,3,2,3,3,2,1,3,3,2,2
40,Middle_America,Costa_Rica,CRI,2,6,400,5,5,5,4,3,2,2,2,2,3,4,5,3,5,4,4,4,2,1,3,3,2,2
41,Middle_America,Panama,PAN,2,6,400,5,5,5,4,3,2,2,2,2,3,4,5,3,4,4,4,3,2,1,3,3,4,2
42,Middle_America_and_Caribbean,Caribbean,,2,8,400,5,5,5,5,4,3,2,2,2,2,4,5,3,3,3,3,3,3,3,3,3,3,3
43,Caribbean,Bahamas_Turks_and_Caicos_Islands,BHS,1,4,725,5,5,5,4,3,2,1,1,2,3,5,5,3,2,1,5,5,4,1,3,2,1,2
44,Caribbean,Cuba,CUB,1,4,350,5,5,5,5,4,3,2,1,1,2,4,5,4,3,2,3,2,3,1,5,1,4,2
45,Caribbean,Greater_Antilles_without_Cuba,HTI,2,8,575,5,5,5,5,4,3,2,1,1,2,4,5,3,3,3,5,4,3,1,4,2,2,2
46,Caribbean,Lesser_Antilles,AIA,2,8,575,5,5,5,5,4,3,2,1,1,2,4,5,3,3,1,5,5,4,1,3,3,1,2
47,South_America,Venezuela,VEN,1,8,390,5,5,5,5,4,3,2,2,2,3,4,5,2,5,2,4,3,2,1,3,3,3,3
48,South_America,Guianas,GUY,1,8,525,3,4,5,4,2,2,2,3,5,5,5,3,2,4,2,3,2,1,1,2,4,1,1
49,South_America,Colombia,COL,2,12,350,5,5,5,3,2,2,4,4,2,2,3,5,3,4,3,4,3,4,2,4,3,3,3
50,South_America,Ecuador,ECU,1,8,350,2,2,2,3,3,4,5,5,5,3,2,2,3,4,4,3,3,2,1,3,3,3,3
51,South_America,Peru,PER,2,12,350,2,2,2,3,4,5,5,5,4,3,2,2,2,5,4,2,2,2,1,5,4,2,3
52,South_America,Bolivia,BOL,1,8,310,1,1,2,4,5,5,5,5,5,4,2,1,3,4,4,1,1,2,1,4,3,2,3
53,South_America,Brazil,,1,4,625,3,3,3,3,3,3,3,3,3,3,3,3,2,3,3,3,3,3,3,3,3,3,3
54,Brazil,Brazil_North,BRA_NO,1,4,625,2,2,2,2,3,5,5,5,5,4,3,2,2,3,2,2,1,1,1,2,3,2,2
55,Brazil,Brazil_Northeast,BRA_NE,1,4,625,4,3,2,1,1,1,2,4,5,5,5,5,2,3,2,4,4,3,1,4,3,3,3
56,Brazil,Brazil_Central_West,BRA_CW,1,4,625,2,2,2,3,4,5,5,5,4,3,2,2,2,4,3,1,2,2,1,3,3,2,2
57,Brazil,Brazil_Southeast,BRA_SE,1,4,625,2,2,3,4,5,5,5,5,4,3,2,2,2,3,2,4,3,3,1,5,3,5,4
58,Brazil,Brazil_South,BRA_SO,1,4,625,5,5,5,4,4,3,3,3,4,4,5,5,2,2,2,3,2,3,1,3,3,2,2
59,South_America,Chile_North_and_Central,CHL_NC,2,12,400,4,5,5,5,4,3,3,3,5,5,5,4,4,4,3,1,2,3,1,4,3,3,3
60,South_America,Paraguay,PRY,1,4,400,3,3,3,4,5,5,5,5,5,4,3,3,4,3,2,1,1,2,1,3,3,2,3
61,South_America,Uruguay,URY,1,4,400,5,5,4,4,3,3,3,3,3,4,5,5,4,3,2,3,2,3,1,3,3,3,3
62,South_America,Argentina,,1,4,400,3,3,3,3,3,3,3,3,3,3,3,3,3,3,3,3,3,3,3,3,3,3,3
63,Argentina,Argentina_North,ARG_NO,1,8,400,3,3,3,4,5,5,5,5,5,4,3,3,4,3,3,1,1,2,1,3,3,1,2
64,Argentina,Argentina_Central,ARG_CE,2,12,400,2,3,4,5,5,4,3,3,4,5,5,3,4,3,2,2,2,2,2,4,3,4,3
65,South_America,Patagonia,ARG_SO,2,16,625,5,5,4,2,1,1,1,1,1,2,3,5,4,4,5,1,3,1,2,3,2,1,1
66,South_America,Antarctica_and_South_Atlantic,ATA,1,12,4500,5,4,3,1,1,1,1,1,1,1,3,5,4,4,3,1,3,1,1,1,1,1,1
67,Africa,Maghreb,,1,8,400,1,2,5,5,5,3,3,3,5,5,5,2,3,3,3,3,3,3,3,3,3,3,3
68,Maghreb,Morocco,MAR,1,8,390,1,2,5,5,5,3,3,3,5,5,5,2,3,4,3,3,3,4,1,5,4,4,4
69,Maghreb,Algeria,DZA,1,8,450,1,2,5,5,5,3,3,3,5,5,5,2,2,3,2,3,2,3,1,3,3,3,2
70,Maghreb,Tunisia,TUN,1,4,375,1,2,5,5,5,3,3,3,5,5,5,2,2,3,3,4,3,3,1,4,4,3,3
71,Maghreb,Libya,LBY,1,8,500,1,2,5,5,5,3,3,3,5,5,5,2,2,3,2,3,2,3,1,4,3,2,2
72,Africa,Egypt,EGY,1,12,415,2,3,5,5,5,3,2,3,5,5,5,3,3,3,2,4,5,4,1,5,3,4,3
73,Africa,Sahel_West,MRT,1,4,400,5,4,2,1,1,1,2,3,3,4,4,5,2,3,2,2,1,2,1,4,3,2,2
74,Africa,Sahel_East,TCD,1,4,400,5,5,3,2,1,1,2,2,2,3,4,5,1,3,1,1,1,2,1,4,3,2,1
75,Africa,West_Africa,SEN,1,4,500,4,4,4,3,2,2,2,2,2,2,4,4,2,3,2,4,3,2,1,4,3,3,2
76,Africa,Central_Africa,CAF,2,24,500,4,4,3,3,2,2,2,2,2,2,4,4,1,4,2,1,1,1,1,3,3,2,1
77,Africa,East_Africa,,2,8,350,5,5,5,4,3,2,2,2,2,3,4,5,3,3,3,3,3,3,3,3,3,3,3
78,East_Africa,Eritrea_Djibouti_Ethiopia,ERI,2,8,350,5,4,4,4,4,3,2,2,3,4,5,5,3,4,3,2,1,2,1,4,2,3,3
79,East_Africa,Somalia,SOM,2,8,350,5,5,4,3,3,2,3,3,4,4,4,5,1,3,1,2,2,1,1,2,2,1,1
80,East_Africa,Kenya,KEN,2,8,350,3,3,3,2,2,4,5,5,5,4,3,2,2,4,2,4,3,2,1,3,2,3,3
81,East_Africa,Tanzania,TZA,2,8,350,2,2,2,3,4,5,5,5,4,4,3,3,3,4,2,4,3,2,1,3,2,2,3
82,East_Africa,Uganda_Rwanda_and_Burundi,UGA,2,4,350,5,5,4,3,4,5,5,4,4,3,3,4,3,5,3,1,1,2,1,3,2,2,3
83,Africa,Southern_Africa,,2,8,400,3,3,3,3,3,3,3,3,3,3,3,3,3,3,3,3,3,3,3,3,3,3,3
84,Southern_Africa,Comoros_Mayotte_Mauritius_Reunion,COM,2,8,525,4,4,4,5,5,5,4,4,5,5,5,4,4,4,4,4,4,4,1,3,3,1,2
85,Southern_Africa,South_Africa,ZAF,1,12,385,2,3,5,5,5,3,2,4,5,5,4,2,2,5,4,4,3,4,1,3,3,3,2
86,Southern_Africa,Madagascar,MDG,2,12,350,3,3,3,4,4,4,5,5,5,4,4,3,3,4,3,2,4,3,1,3,2,2,2
87,Southern_Africa,Namibia,NAM,2,8,385,2,2,4,5,5,5,4,4,5,5,3,2,3,4,4,2,1,3,1,3,3,2,2
88,Southern_Africa,Botswana,BWA,2,8,560,2,2,2,3,4,4,4,5,5,5,4,2,4,5,4,1,1,2,1,2,3,2,2
89,Southern_Africa,Zambia_and_Malawi,ZMB,2,8,450,2,2,2,3,5,5,4,4,5,4,3,2,3,5,3,1,1,2,1,3,3,2,2
90,Southern_Africa,Mozambique_and_Zimbabwe,MOZ,2,8,350,2,2,2,3,4,5,4,4,5,5,4,2,2,4,3,4,4,3,1,3,3,3,2
91,Asia,Near_and_Middle_East,,1,5,400,3,3,3,3,3,3,3,3,3,3,3,3,3,3,3,3,3,3,3,3,3,3,3
92,Near_and_Middle_East,Israel,ISR,1,5,420,3,3,3,4,5,5,4,4,5,5,4,3,3,3,3,3,4,3,1,4,3,4,3
93,Near_and_Middle_East,Jordan_and_Palestina,JOR,1,5,350,3,3,5,5,5,3,2,2,4,5,5,3,3,3,2,1,1,3,1,4,3,2,2
94,Near_and_Middle_East,Lebanon_and_Syria,LBN,1,5,350,3,3,5,5,5,3,2,2,4,5,5,3,1,3,2,3,2,2,1,3,3,2,2
95,Near_and_Middle_East,Iraq_and_Kuwait,IRQ,2,5,420,3,3,4,4,4,3,3,3,3,4,4,3,1,2,1,3,3,2,1,3,3,2,2
96,Near_and_Middle_East,Iran,IRN,2,8,350,2,3,4,5,4,4,3,3,4,5,4,3,4,3,2,2,2,3,3,4,3,3,2
97,Near_and_Middle_East,United_Arab_Emirates,ARE,1,5,525,5,5,5,4,3,2,1,1,2,3,5,5,5,3,2,3,3,3,2,3,3,4,4
98,Near_and_Middle_East,Saudi-Arabia,SAU,2,8,560,5,5,4,3,3,2,1,1,2,3,5,5,5,3,1,3,3,2,1,3,3,3,2
99,Near_and_Middle_East,Oman_and_Yemen,OMN,1,6,490,5,5,5,4,3,2,1,1,2,3,5,5,3,3,2,2,2,2,1,3,3,4,2
100,Near_and_Middle_East,Qatar_and_Bahrain,QAT,1,2,525,5,5,4,3,3,2,1,1,2,3,5,5,4,3,1,4,4,3,2,3,3,3,4
101,Asia,Russland_and_Caucasus,,1,2,400,2,2,2,3,4,4,4,4,4,3,2,2,3,3,3,1,3,3,3,3,3,3,3
102,Russland_and_Caucasus,Caucasus,ARM,1,2,400,1,1,2,3,4,5,4,5,4,3,2,1,2,3,2,2,1,2,2,3,3,3,2
103,Russland_and_Caucasus,Russia_West,RUS_WE,2,4,400,1,1,1,2,3,4,5,4,3,2,1,1,3,3,2,2,2,3,1,4,3,4,4
104,Russland_and_Caucasus,Russia_South,RUS_SO,1,2,400,1,2,2,3,4,4,5,4,3,3,2,1,2,3,2,2,2,2,2,3,3,3,2
105,Russland_and_Caucasus,Russia_Central,RUS_CE,1,2,400,1,1,1,2,3,4,4,4,3,2,1,1,3,3,2,1,1,1,2,2,2,1,1
106,Russland_and_Caucasus,Russia_East,RUS_EA,1,2,400,1,1,1,1,2,3,4,3,2,1,1,1,3,3,2,1,1,1,2,1,2,1,1
107,Asia,South_Asia,,1,8,400,3,3,3,3,3,3,3,3,3,3,3,3,3,3,3,3,3,3,3,3,3,3,3
108,South_Asia,Pakistan,PAK,1,8,400,3,3,4,4,3,2,2,2,4,4,3,3,1,4,4,2,2,3,1,3,3,3,2
109,South_Asia,Nepal,NPL,1,8,400,2,3,4,5,4,3,2,2,3,5,4,3,4,4,5,1,1,2,2,3,3,2,1
110,South_Asia,Bhutan,BTN,1,8,250,3,3,4,4,3,2,2,2,4,5,5,4,5,5,4,1,1,2,2,4,3,2,1
111,South_Asia,India,,1,12,350,3,3,3,3,3,3,3,3,3,3,3,3,3,3,3,3,3,3,3,3,3,3,3
112,India,Himalayan_North_and_Plains,IND_NO,1,12,350,5,5,4,4,3,2,1,1,1,5,5,5,3,4,5,1,1,2,2,4,4,4,3
113,India,India_Northeast_and_Bangladesh,IND_NE,1,12,350,5,5,4,3,3,3,1,1,1,4,5,5,2,4,4,2,2,2,1,4,4,3,2
114,India,India_East,IND_EA,2,6,350,5,5,4,3,3,3,1,1,1,4,5,5,3,3,2,2,2,3,1,4,4,4,3
115,India,India_West,IND_WE,2,12,350,5,5,4,3,3,3,1,1,1,4,5,5,3,3,2,4,3,3,1,4,4,3,2
116,India,India_South,IND_SO,1,1,350,5,5,4,3,3,1,1,1,1,3,5,5,3,3,2,4,3,3,1,4,4,4,2
117,South_Asia,Sri_Lanka,LKA,1,8,360,4,4,4,3,2,2,2,3,4,3,4,4,3,3,2,4,4,3,1,4,3,3,2
118,South_Asia,Maldives,MDV,1,4,350,5,5,5,3,2,3,3,3,2,2,2,2,4,2,1,5,5,3,1,3,3,2,1
119,Asia,Southeast_Asia,,1,8,400,3,3,3,3,3,3,3,3,3,3,3,3,4,3,3,3,3,3,3,3,3,3,3
120,Southeast_Asia,Myanmar,MMR,2,8,450,5,5,3,1,1,1,2,2,2,3,5,5,4,3,3,3,3,3,1,5,3,2,2
121,Southeast_Asia,Thailand_North_and_Laos,THA_NO,1,8,360,5,5,4,1,1,2,2,2,2,3,5,5,4,4,4,2,1,4,1,4,4,4,2
122,Southeast_Asia,Thailand_South,THA_SO,1,8,375,5,4,4,2,2,3,3,3,3,4,5,5,4,4,3,5,4,3,1,3,4,2,2
123,Southeast_Asia,Vietnam_and_Cambodia,VNM,1,8,375,5,5,4,1,1,2,2,2,2,3,5,5,4,4,3,3,2,3,1,4,3,3,1
124,Southeast_Asia,West_Malaysia_and_Singapur,MYS_WE,1,8,510,3,3,4,4,4,4,3,3,4,4,4,3,5,4,2,4,3,3,1,3,3,4,4
125,Southeast_Asia,Borneo,MYS_BO,2,12,460,2,3,4,4,4,4,3,3,4,4,3,2,4,4,2,3,3,2,1,3,2,1,1
126,Southeast_Asia,Indonesia,,2,16,400,3,3,3,3,3,3,3,3,3,3,3,3,4,3,3,3,3,3,3,3,3,3,3
127,Indonesia,Sumatra_and_Java,IDN_SU,2,16,400,1,2,3,3,5,5,5,5,4,3,2,1,4,4,4,3,4,3,1,4,3,4,3
128,Indonesia,Bali_and_Lombok,IDN_BA,1,8,400,1,1,2,3,4,5,5,5,5,4,3,2,4,4,3,4,4,3,1,3,3,3,2
129,Indonesia,Indonesian_islands_west_of_Lombok,IDN_RE,2,16,400,1,1,2,3,4,5,5,5,5,4,3,2,4,4,2,3,3,2,1,3,3,1,1
130,Southeast_Asia,Philippines,PHL,2,12,375,4,5,5,5,3,2,1,1,1,2,2,3,3,3,3,4,4,3,1,4,3,2,2
131,Asia,East_Asia,,1,8,450,3,3,3,3,3,3,3,3,3,3,3,3,3,3,3,3,3,3,3,3,3,3,3
132,East_Asia,China,,1,4,450,3,3,3,3,3,3,3,3,3,3,3,3,4,3,3,3,3,3,3,3,3,3,3
133,China,China_Northeast_Liaoning_to_Heilongjiang_,CHN_NE,1,4,450,1,1,1,2,3,4,5,4,4,3,1,1,4,3,2,2,1,2,3,2,3,2,3
134,China,China_North_Beijing_region_,CHN_NO,1,4,450,1,1,2,3,4,5,4,5,5,4,2,1,4,3,2,2,2,4,2,4,3,4,4
135,China,China_Northwest_Shaanxi_to_Xinjiang_,CHN_NW,1,4,500,1,1,2,3,4,5,5,5,3,3,1,1,4,3,2,1,1,2,1,3,3,2,2
136,China,China_Southwest_Guangxi_to_Tibet_,CHN_SW,1,8,500,1,2,3,4,5,5,4,4,5,4,2,1,4,4,4,1,1,3,2,4,4,2,2
137,China,China_South-central_Sichuan_to_Anhui_,CHN_SC,1,4,450,2,2,3,4,5,4,4,4,5,4,3,2,4,3,3,1,1,3,2,3,4,3,3
138,China,China_Southeast_Hainan_to_Fujian_incl_Hong_Kong_,CHN_SE,1,12,450,3,3,4,5,3,3,4,4,5,5,4,3,4,4,3,4,4,4,1,3,3,5,5
139,China,China_East_Shanghai_region_,CHN_EA,1,4,450,2,2,3,4,5,4,4,4,5,4,3,2,4,4,3,3,3,4,1,4,3,5,5
140,East_Asia,Taiwan,TWN,1,6,510,2,3,5,5,5,2,1,1,5,5,5,3,5,4,4,4,2,3,1,4,3,4,4
141,East_Asia,Japan,JPN,1,12,560,2,3,5,5,5,3,2,2,5,5,4,2,5,4,4,3,2,4,3,4,3,5,4
142,East_Asia,South_Korea,KOR,1,8,490,2,2,2,4,4,3,3,3,4,5,4,2,4,4,4,2,2,3,2,4,3,4,4
143,East_Asia,North_Korea,PRK,1,2,450,2,2,2,4,4,3,3,3,4,5,4,2,3,2,1,1,1,1,1,3,1,2,1
144,East_Asia,Mongolia,MNG,2,12,350,1,1,2,3,4,5,3,3,5,4,3,1,4,3,3,1,1,2,2,3,3,1,2
145,Asia,Central_Asia,,1,8,350,3,3,3,3,3,3,3,3,3,3,3,3,3,3,3,3,3,3,3,3,3,3,3
146,Central_Asia,Uzbekistan_and_Turkmenistan,UZB,1,8,350,1,2,3,3,5,5,4,4,5,5,4,1,3,3,3,1,1,2,3,3,3,3,2
147,Central_Asia,Kyrgyzstan_and_Tajikistan,KGZ,1,8,350,1,2,3,3,4,5,5,5,4,3,2,1,3,4,2,1,1,1,1,2,3,1,1
148,Central_Asia,Kazakhstan,KAZ,1,8,350,1,1,1,2,4,4,4,4,4,2,1,1,3,2,1,1,1,1,1,3,2,2,2
149,Central_Asia,Afghanistan,AFG,1,8,350,1,1,2,4,4,3,2,3,4,4,3,1,1,2,2,1,1,2,1,3,3,2,2
150,Oceania,Australia,,1,16,560,3,3,3,3,3,3,3,3,3,3,3,3,4,3,3,3,3,3,3,3,3,3,3
151,Australia,Australia_West,AUS_WE,2,16,560,3,3,5,4,3,2,2,3,5,5,5,3,4,4,4,4,4,3,1,3,2,2,3
152,Australia,Australia_Northeast,AUS_NE,1,16,560,2,2,2,2,3,4,4,5,5,5,4,3,4,4,3,5,5,3,1,3,2,2,3
153,Australia,Australia_South,AUS_SO,1,16,560,3,4,5,5,3,2,2,3,5,5,5,3,4,4,4,4,4,3,1,3,2,3,3
154,Oceania,New_Zealand,NZL,2,16,490,5,5,5,4,3,2,2,2,2,3,4,5,5,5,4,3,3,3,2,3,3,3,3
155,Oceania,Papua_New_Guinea,PNG,2,16,750,1,1,1,2,2,4,4,4,4,3,2,1,3,3,4,3,3,3,1,4,3,2,1
156,Oceania,Pacific,,1,4,400,3,3,3,4,4,4,4,4,4,4,4,3,4,3,3,3,3,3,3,3,3,3,3
157,Pacific,Micronesia,FSM,1,4,750,3,3,3,4,4,4,4,4,4,4,4,3,4,4,2,5,4,2,1,4,3,1,2
158,Pacific,Melanesia,SLB,1,4,750,3,3,3,4,4,4,4,4,4,4,4,3,4,4,2,5,4,2,1,4,3,1,2
159,Pacific,Polynesia,PYF,1,4,800,3,3,3,4,4,4,4,4,4,4,4,3,4,4,2,5,4,3,1,4,3,1,2
160,Europe,North_Europe,,1,6,400,2,2,2,3,4,5,5,5,4,3,3,2,5,3,3,3,3,3,3,3,3,3,3
161,North_Europe,Norway,NOR,1,8,560,2,2,2,3,4,5,5,5,4,3,3,2,5,4,4,1,2,2,4,3,3,2,3
162,North_Europe,Finland,FIN,1,6,525,2,2,2,3,4,5,5,5,4,3,3,2,5,4,3,1,2,3,3,3,3,2,3
163,North_Europe,Sweden_and_Denmark,SWE,1,6,525,2,2,2,3,4,5,5,5,4,3,3,2,5,4,3,2,3,3,3,3,3,3,3
164,North_Europe,Iceland_and_Faroe_Islands,ISL,1,5,560,2,2,2,3,4,5,5,5,4,3,3,2,5,4,4,1,3,2,2,3,2,2,2
165,Europe,Central_Europe,,1,5,400,3,2,3,3,4,5,5,5,5,4,2,3,4,3,3,3,3,3,3,3,3,3,3
166,Central_Europe,Germany,DEU,1,8,420,3,2,3,3,4,5,5,5,5,4,2,3,4,3,3,2,2,4,3,4,3,4,3
167,Central_Europe,Austria,AUT,1,5,500,4,4,4,3,4,5,5,5,4,3,2,4,4,4,4,1,2,3,5,4,3,4,3
168,Central_Europe,Benelux,NLD,1,6,420,3,2,3,3,4,5,5,5,5,4,2,3,4,3,3,2,2,3,2,4,2,4,3
169,Central_Europe,Switzerland_and_Liechtenstein,CHE,1,5,750,4,4,4,3,4,5,5,5,4,3,2,4,4,4,4,1,2,3,5,4,3,4,3
170,Central_Europe,France,FRA,1,8,420,3,2,3,3,4,5,5,5,5,4,2,3,4,4,4,4,3,3,3,4,4,4,4
171,Central_Europe,Slovenia_and_Croatia,SVN,1,4,350,3,2,3,3,4,5,5,5,5,4,2,3,4,3,3,4,3,3,2,4,3,4,3
172,Europe,British_Islands,,1,4,420,2,2,3,4,5,5,4,4,4,4,3,2,4,3,3,3,3,3,3,3,3,3,3
173,British_Islands,Ireland_and_Northern_Ireland,IRL,1,4,420,2,2,3,4,5,5,4,4,4,4,3,2,4,4,3,1,1,3,2,4,3,3,3
174,British_Islands,Scotland,GBR_SC,1,4,420,2,2,3,4,5,5,4,4,4,4,3,2,4,3,3,1,1,3,2,4,2,3,3
175,British_Islands,England_and_Wales,GBR_EN,1,4,420,2,2,3,4,5,5,4,4,4,4,3,2,4,3,3,2,1,3,1,4,2,4,4
176,Europe,Eastern_Europe,,1,4,350,2,2,2,3,5,5,4,4,5,5,3,2,4,3,3,2,3,3,3,3,3,3,3
177,Eastern_Europe,Czech_Republic_and_Slovakia,CZE,1,4,350,2,2,2,3,5,5,4,4,5,5,3,2,4,3,3,1,1,3,3,4,3,4,3
178,Eastern_Europe,Hungary,HUN,1,2,350,2,2,2,3,5,5,4,4,5,5,3,2,4,3,4,2,2,3,2,4,3,4,3
179,Eastern_Europe,Baltic_states,EST,1,2,350,2,2,2,3,5,5,4,4,5,5,3,2,4,3,3,2,2,3,2,4,3,4,2
180,Eastern_Europe,Poland,POL,1,4,350,2,2,2,3,5,5,4,4,5,5,3,2,4,3,2,2,2,3,1,3,3,3,3
181,Eastern_Europe,Belarus_Ukraine_and_Moldova,BLR,1,4,350,2,2,2,3,5,5,4,4,5,5,3,2,4,3,3,2,2,2,2,3,3,2,2
182,Eastern_Europe,Romania_Bulgaria_and_Macedonia,ROU,1,4,350,2,2,2,3,5,5,4,4,5,5,3,2,4,3,3,3,3,2,1,3,3,3,2
183,Eastern_Europe,Serbia_Bosnia_and_Herzegovina_Montenegro,SRB,1,4,350,2,2,2,3,5,5,4,4,5,5,3,2,4,2,2,1,1,2,1,3,3,2,2
184,Eastern_Europe,Albania_Kosovo,ALB,1,2,350,2,2,2,3,5,5,4,4,5,5,3,2,4,2,2,3,2,2,1,3,3,2,2
185,Europe,Southern_Europe,,1,8,350,2,2,3,5,5,5,4,4,5,5,4,3,3,3,3,3,3,3,3,3,3,3,3
186,Southern_Europe,Corsica_and_Sardinia,FRA_CO,1,4,350,2,2,3,5,5,5,4,4,5,5,4,3,3,3,3,4,3,2,1,3,3,2,2
187,Southern_Europe,Italy_and_Malta,ITA,1,12,350,2,2,3,5,5,5,4,4,5,5,4,3,3,4,4,4,4,3,1,5,4,5,3
188,Southern_Europe,Greece_mainland,GRC_ML,1,6,350,2,2,3,5,5,5,4,4,5,5,4,3,3,4,4,4,4,3,1,4,4,4,3
189,Southern_Europe,Greece_islands,GRC_IS,1,8,350,2,2,3,5,5,5,4,4,5,5,4,3,3,4,3,5,4,4,1,5,4,3,2
190,Southern_Europe,Spain_mainland,ESP_ML,1,8,350,2,2,3,5,5,5,4,4,5,5,4,3,3,3,2,5,4,4,1,4,4,4,3
191,Southern_Europe,Spain_Balearic_Islands,ESP_BA,1,2,350,2,2,3,4,5,5,4,4,5,5,3,2,3,4,4,5,4,5,1,3,4,3,2
192,Southern_Europe,Spain_Canary_islands,ESP_CA,1,2,350,4,4,4,5,5,5,4,4,5,5,5,3,3,3,3,4,3,4,1,3,3,3,2
193,Southern_Europe,Portugal_mainland,PRT,1,5,350,2,2,3,5,5,5,4,4,5,5,4,3,3,3,3,4,3,3,1,4,4,4,2
194,Southern_Europe,Portugal_islands,PRT_IS,1,8,350,2,2,3,5,5,5,4,4,5,5,4,3,3,4,4,4,4,3,1,4,3,3,2
195,Southern_Europe,Turkey,TUR,1,6,350,2,2,3,5,5,5,4,4,5,5,4,3,3,3,3,4,3,3,3,5,4,4,3
196,Southern_Europe,Cyprus,CYP,1,6,350,2,2,3,5,5,5,4,4,5,5,4,3,3,2,3,4,4,3,1,4,3,3,2
